Workbook

Sheet ANTM
A1: Tanggal | B1: Terakhir | C1: Pembukaan | D1: Tertinggi | E1: Terendah | F1: Vol. | G1: Perubahan% | I1: Linear | J1: Log | L1: Grafik Pergerakan Saham
A2: 45846 | B2: 2930 | C2: 2950 | D2: 2990 | E2: 2900 | F2: 114,48M | G2: 0,69%
A3: 45847 | B3: 2920 | C3: 2940 | D3: 2960 | E3: 2880 | F3: 97,85M | G3: -0,34% | I3: =IFERROR((B3/B2)-1,"") -> -0.0034129693 | J3: =IFERROR(LOG(B3)-LOG(B2),"") -> -0.0014847689
A4: 45848 | B4: 2990 | C4: 2960 | D4: 3070 | E4: 2940 | F4: 188,11M | G4: 2,40% | I4: =IFERROR((B4/B3)-1,"") -> 0.023972603 | J4: =IFERROR(LOG(B4)-LOG(B3),"") -> 0.010288337
A5: 45849 | B5: 2990 | C5: 3000 | D5: 3020 | E5: 2960 | F5: 97,43M | G5: 0,00% | I5: =IFERROR((B5/B4)-1,"") -> 0 | J5: =IFERROR(LOG(B5)-LOG(B4),"") -> 0
A6: 45852 | B6: 3030 | C6: 3030 | D6: 3060 | E6: 2960 | F6: 170,17M | G6: 1,34% | I6: =IFERROR((B6/B5)-1,"") -> 0.013377926 | J6: =IFERROR(LOG(B6)-LOG(B5),"") -> 0.0057714402
A7: 45853 | B7: 3000 | C7: 3030 | D7: 3030 | E7: 2960 | F7: 77,79M | G7: -0,99% | I7: =IFERROR((B7/B6)-1,"") -> -0.0099009901 | J7: =IFERROR(LOG(B7)-LOG(B6),"") -> -0.0043213738
A8: 45854 | B8: 2990 | C8: 2990 | D8: 3010 | E8: 2940 | F8: 126,82M | G8: -0,33% | I8: =IFERROR((B8/B7)-1,"") -> -0.0033333333 | J8: =IFERROR(LOG(B8)-LOG(B7),"") -> -0.0014500664
A9: 45855 | B9: 3010 | C9: 3010 | D9: 3070 | E9: 2990 | F9: 149,62M | G9: 0,67% | I9: =IFERROR((B9/B8)-1,"") -> 0.0066889632 | J9: =IFERROR(LOG(B9)-LOG(B8),"") -> 0.0028953073
A10: 45856 | B10: 2970 | C10: 3020 | D10: 3030 | E10: 2940 | F10: 116,56M | G10: -1,33% | I10: =IFERROR((B10/B9)-1,"") -> -0.013289037 | J10: =IFERROR(LOG(B10)-LOG(B9),"") -> -0.0058100463
A11: 45859 | B11: 3190 | C11: 2990 | D11: 3210 | E11: 2950 | F11: 222,85M | G11: 7,41% | I11: =IFERROR((B11/B10)-1,"") -> 0.074074074 | J11: =IFERROR(LOG(B11)-LOG(B10),"") -> 0.031034234
A12: 45860 | B12: 2960 | C12: 3250 | D12: 3270 | E12: 2950 | F12: 426,09M | G12: -7,21% | I12: =IFERROR((B12/B11)-1,"") -> -0.072100313 | J12: =IFERROR(LOG(B12)-LOG(B11),"") -> -0.032498972
A13: 45861 | B13: 3040 | C13: 3010 | D13: 3040 | E13: 2870 | F13: 195,64M | G13: 2,70% | I13: =IFERROR((B13/B12)-1,"") -> 0.027027027 | J13: =IFERROR(LOG(B13)-LOG(B12),"") -> 0.011581873
A14: 45862 | B14: 3030 | C14: 3020 | D14: 3070 | E14: 2980 | F14: 97,76M | G14: -0,33% | I14: =IFERROR((B14/B13)-1,"") -> -0.0032894737 | J14: =IFERROR(LOG(B14)-LOG(B13),"") -> -0.0014309551
... A21: 45873 | B21: 2910 | C21: 2920 | D21: 2970 | E21: 2890 | F21: 75,54M | G21: 1,04% | I21: =IFERROR((B21/B20)-1,"") -> 0.010416667 | J21: =IFERROR(LOG(B21)-LOG(B20),"") -> 0.0045005012
A22: 45874 | B22: 2940 | C22: 2930 | D22: 3050 | E22: 2910 | F22: 151,09M | G22: 1,03% | I22: =IFERROR((B22/B21)-1,"") -> 0.010309278 | J22: =IFERROR(LOG(B22)-LOG(B21),"") -> 0.0044543414 | L22: Grafik Nilai Daily Return
A23: 45875 | B23: 3080 | C23: 2970 | D23: 3100 | E23: 2970 | F23: 192,18M | G23: 4,76% | I23: =IFERROR((B23/B22)-1,"") -> 0.047619048 | J23: =IFERROR(LOG(B23)-LOG(B22),"") -> 0.020203386
A24: 45876 | B24: 3150 | C24: 3100 | D24: 3250 | E24: 3070 | F24: 222,00M | G24: 2,27% | I24: =IFERROR((B24/B23)-1,"") -> 0.022727273 | J24: =IFERROR(LOG(B24)-LOG(B23),"") -> 0.0097598373
A25: 45877 | B25: 3090 | C25: 3160 | D25: 3170 | E25: 3020 | F25: 102,08M | G25: -1,90% | I25: =IFERROR((B25/B24)-1,"") -> -0.019047619 | J25: =IFERROR(LOG(B25)-LOG(B24),"") -> -0.0083520744
A26: 45880 | B26: 2940 | C26: 3060 | D26: 3070 | E26: 2930 | F26: 141,89M | G26: -4,85% | I26: =IFERROR((B26/B25)-1,"") -> -0.048543689 | J26: =IFERROR(LOG(B26)-LOG(B25),"") -> -0.021611149
A27: 45881 | B27: 2900 | C27: 2940 | D27: 2950 | E27: 2870 | F27: 111,65M | G27: -1,36% | I27: =IFERROR((B27/B26)-1,"") -> -0.013605442 | J27: =IFERROR(LOG(B27)-LOG(B26),"") -> -0.0059493325
A28: 45882 | B28: 2910 | C28: 2930 | D28: 2960 | E28: 2880 | F28: 112,93M | G28: 0,34% | I28: =IFERROR((B28/B27)-1,"") -> 0.0034482759 | J28: =IFERROR(LOG(B28)-LOG(B27),"") -> 0.0014949911
A29: 45883 | B29: 2890 | C29: 2920 | D29: 2940 | E29: 2890 | F29: 109,60M | G29: -0,69% | I29: =IFERROR((B29/B28)-1,"") -> -0.0068728522 | J29: =IFERROR(LOG(B29)-LOG(B28),"") -> -0.0029951462
A30: 45884 | B30: 2900 | C30: 2900 | D30: 2920 | E30: 2860 | F30: 59,23M | G30: 0,35% | I30: =IFERROR((B30/B29)-1,"") -> 0.0034602076 | J30: =IFERROR(LOG(B30)-LOG(B29),"") -> 0.0015001551
A31: 45888 | B31: 2810 | C31: 2900 | D31: 2910 | E31: 2810 | F31: 111,57M | G31: -3,10% | I31: =IFERROR((B31/B30)-1,"") -> -0.031034483 | J31: =IFERROR(LOG(B31)-LOG(B30),"") -> -0.013691678
A32: 45889 | B32: 2840 | C32: 2810 | D32: 2840 | E32: 2790 | F32: 67,29M | G32: 1,07% | I32: =IFERROR((B32/B31)-1,"") -> 0.010676157 | J32: =IFERROR(LOG(B32)-LOG(B31),"") -> 0.0046120201
A33: 45890 | B33: 2830 | C33: 2860 | D33: 2880 | E33: 2810 | F33: 66,40M | G33: -0,35% | I33: =IFERROR((B33/B32)-1,"") -> -0.0035211268 | J33: =IFERROR(LOG(B33)-LOG(B32),"") -> -0.0015319045
A34: 45891 | B34: 2820 | C34: 2840 | D34: 2870 | E34: 2820 | F34: 29,42M | G34: -0,35% | I34: =IFERROR((B34/B33)-1,"") -> -0.0035335689 | J34: =IFERROR(LOG(B34)-LOG(B33),"") -> -0.0015373272
... A66: 45938 | B66: 3330 | C66: 3170 | D66: 3380 | E66: 3150 | F66: 303,47M | G66: 6,05% | I66: =IFERROR((B66/B65)-1,"") -> 0.060509554 | J66: =IFERROR(LOG(B66)-LOG(B65),"") -> 0.025514585

Sheet UNTR
A1: Tanggal | B1: Terakhir | C1: Pembukaan | D1: Tertinggi | E1: Terendah | F1: Vol. | G1: Perubahan% | I1: Linear | J1: Log | L1: Grafik Pergerakan Saham
A2: 45846 | B2: 21600 | C2: 21450 | D2: 21600 | E2: 21400 | F2: 2,48M | G2: 0,70%
A3: 45847 | B3: 21975 | C3: 21600 | D3: 21975 | E3: 21600 | F3: 2,69M | G3: 1,74% | I3: =IFERROR((B3/B2)-1,"") -> 0.017361111 | J3: =IFERROR(LOG(B3)-LOG(B2),"") -> 0.0074751326
A4: 45848 | B4: 22200 | C4: 21975 | D4: 22250 | E4: 21850 | F4: 4,63M | G4: 1,02% | I4: =IFERROR((B4/B3)-1,"") -> 0.010238908 | J4: =IFERROR(LOG(B4)-LOG(B3),"") -> 0.0044240907
A5: 45849 | B5: 22400 | C5: 22300 | D5: 22400 | E5: 22225 | F5: 3,36M | G5: 0,90% | I5: =IFERROR((B5/B4)-1,"") -> 0.009009009 | J5: =IFERROR(LOG(B5)-LOG(B4),"") -> 0.0038950439
A6: 45852 | B6: 22575 | C6: 22400 | D6: 22600 | E6: 22250 | F6: 4,77M | G6: 0,78% | I6: =IFERROR((B6/B5)-1,"") -> 0.0078125 | J6: =IFERROR(LOG(B6)-LOG(B5),"") -> 0.0033797407
A7: 45853 | B7: 22600 | C7: 22600 | D7: 22600 | E7: 22450 | F7: 2,51M | G7: 0,11% | I7: =IFERROR((B7/B6)-1,"") -> 0.0011074197 | J7: =IFERROR(LOG(B7)-LOG(B6),"") -> 0.00048068016
A8: 45854 | B8: 22575 | C8: 22600 | D8: 22625 | E8: 22375 | F8: 2,97M | G8: -0,11% | I8: =IFERROR((B8/B7)-1,"") -> -0.0011061947 | J8: =IFERROR(LOG(B8)-LOG(B7),"") -> -0.00048068016
A9: 45855 | B9: 22600 | C9: 22600 | D9: 22600 | E9: 22400 | F9: 2,29M | G9: 0,11% | I9: =IFERROR((B9/B8)-1,"") -> 0.0011074197 | J9: =IFERROR(LOG(B9)-LOG(B8),"") -> 0.00048068016
A10: 45856 | B10: 22475 | C10: 22625 | D10: 22775 | E10: 22475 | F10: 2,97M | G10: -0,55% | I10: =IFERROR((B10/B9)-1,"") -> -0.0055309735 | J10: =IFERROR(LOG(B10)-LOG(B9),"") -> -0.0024087387
A11: 45859 | B11: 22950 | C11: 22675 | D11: 22950 | E11: 22475 | F11: 3,35M | G11: 2,11% | I11: =IFERROR((B11/B10)-1,"") -> 0.021134594 | J11: =IFERROR(LOG(B11)-LOG(B10),"") -> 0.0090829895
A12: 45860 | B12: 23050 | C12: 22975 | D12: 23150 | E12: 22925 | F12: 4,61M | G12: 0,44% | I12: =IFERROR((B12/B11)-1,"") -> 0.0043572985 | J12: =IFERROR(LOG(B12)-LOG(B11),"") -> 0.0018882399
A13: 45861 | B13: 24000 | C13: 23175 | D13: 24000 | E13: 23100 | F13: 10,11M | G13: 4,12% | I13: =IFERROR((B13/B12)-1,"") -> 0.041214751 | J13: =IFERROR(LOG(B13)-LOG(B12),"") -> 0.017540312
A14: 45862 | B14: 24225 | C14: 24150 | D14: 24325 | E14: 23875 | F14: 4,36M | G14: 0,94% | I14: =IFERROR((B14/B13)-1,"") -> 0.009375 | J14: =IFERROR(LOG(B14)-LOG(B13),"") -> 0.004052544
... A18: 45868 | B18: 24375 | C18: 24200 | D18: 24400 | E18: 24150 | F18: 3,18M | G18: 0,93% | I18: =IFERROR((B18/B17)-1,"") -> 0.0093167702 | J18: =IFERROR(LOG(B18)-LOG(B17),"") -> 0.0040274893
A19: 45869 | B19: 24150 | C19: 24375 | D19: 24400 | E19: 23925 | F19: 4,02M | G19: -0,92% | I19: =IFERROR((B19/B18)-1,"") -> -0.0092307692 | J19: =IFERROR(LOG(B19)-LOG(B18),"") -> -0.0040274893 | L19: Grafik Nilai Daily Return
A20: 45870 | B20: 24025 | C20: 24150 | D20: 24175 | E20: 23800 | F20: 2,34M | G20: -0,52% | I20: =IFERROR((B20/B19)-1,"") -> -0.0051759834 | J20: =IFERROR(LOG(B20)-LOG(B19),"") -> -0.0022537387
A21: 45873 | B21: 24500 | C21: 24050 | D21: 24500 | E21: 23800 | F21: 3,63M | G21: 1,98% | I21: =IFERROR((B21/B20)-1,"") -> 0.019771072 | J21: =IFERROR(LOG(B21)-LOG(B20),"") -> 0.008502688
A22: 45874 | B22: 24350 | C22: 24500 | D22: 24500 | E22: 24200 | F22: 1,86M | G22: -0,61% | I22: =IFERROR((B22/B21)-1,"") -> -0.006122449 | J22: =IFERROR(LOG(B22)-LOG(B21),"") -> -0.0026671188
A23: 45875 | B23: 24050 | C23: 24350 | D23: 24375 | E23: 23925 | F23: 5,23M | G23: -1,23% | I23: =IFERROR((B23/B22)-1,"") -> -0.012320329 | J23: =IFERROR(LOG(B23)-LOG(B22),"") -> -0.0053838848
A24: 45876 | B24: 24100 | C24: 24075 | D24: 24300 | E24: 23975 | F24: 2,60M | G24: 0,21% | I24: =IFERROR((B24/B23)-1,"") -> 0.0020790021 | J24: =IFERROR(LOG(B24)-LOG(B23),"") -> 0.00090196186
A25: 45877 | B25: 24150 | C25: 24100 | D25: 24350 | E25: 23900 | F25: 2,36M | G25: 0,21% | I25: =IFERROR((B25/B24)-1,"") -> 0.0020746888 | J25: =IFERROR(LOG(B25)-LOG(B24),"") -> 0.00090009251
A26: 45880 | B26: 24275 | C26: 24200 | D26: 24450 | E26: 24125 | F26: 1,92M | G26: 0,52% | I26: =IFERROR((B26/B25)-1,"") -> 0.0051759834 | J26: =IFERROR(LOG(B26)-LOG(B25),"") -> 0.0022421035
A27: 45881 | B27: 24200 | C27: 24275 | D27: 24475 | E27: 24100 | F27: 2,65M | G27: -0,31% | I27: =IFERROR((B27/B26)-1,"") -> -0.0030895984 | J27: =IFERROR(LOG(B27)-LOG(B26),"") -> -0.0013438726
A28: 45882 | B28: 24000 | C28: 24200 | D28: 24500 | E28: 23900 | F28: 3,62M | G28: -0,83% | I28: =IFERROR((B28/B27)-1,"") -> -0.0082644628 | J28: =IFERROR(LOG(B28)-LOG(B27),"") -> -0.0036041243
A29: 45883 | B29: 24175 | C29: 24175 | D29: 24275 | E29: 24100 | F29: 2,14M | G29: 0,73% | I29: =IFERROR((B29/B28)-1,"") -> 0.0072916667 | J29: =IFERROR(LOG(B29)-LOG(B28),"") -> 0.003155241
A30: 45884 | B30: 24000 | C30: 24300 | D30: 24300 | E30: 24000 | F30: 1,94M | G30: -0,72% | I30: =IFERROR((B30/B29)-1,"") -> -0.0072388831 | J30: =IFERROR(LOG(B30)-LOG(B29),"") -> -0.003155241
A31: 45888 | B31: 23675 | C31: 24000 | D31: 24000 | E31: 23250 | F31: 3,96M | G31: -1,35% | I31: =IFERROR((B31/B30)-1,"") -> -0.013541667 | J31: =IFERROR(LOG(B31)-LOG(B30),"") -> -0.005921254
... A66: 45938 | B66: 25175 | C66: 25225 | D66: 25225 | E66: 24725 | F66: 2,33M | G66: -1,66% | I66: =IFERROR((B66/B65)-1,"") -> -0.016601562 | J66: =IFERROR(LOG(B66)-LOG(B65),"") -> -0.0072704861

Sheet MDKA
A1: Tanggal | B1: Terakhir | C1: Pembukaan | D1: Tertinggi | E1: Terendah | F1: Vol. | G1: Perubahan% | I1: Linear | J1: Log | L1: Grafik Pergerakan Saham
A2: 45846 | B2: 2080 | C2: 2060 | D2: 2120 | E2: 2060 | F2: 28,24M | G2: 1,46%
A3: 45847 | B3: 2110 | C3: 2120 | D3: 2160 | E3: 2080 | F3: 53,69M | G3: 1,44% | I3: =IFERROR((B3/B2)-1,"") -> 0.014423077 | J3: =IFERROR(LOG(B3)-LOG(B2),"") -> 0.0062191203
A4: 45848 | B4: 2110 | C4: 2150 | D4: 2170 | E4: 2090 | F4: 41,09M | G4: 0,00% | I4: =IFERROR((B4/B3)-1,"") -> 0 | J4: =IFERROR(LOG(B4)-LOG(B3),"") -> 0
A5: 45849 | B5: 2110 | C5: 2130 | D5: 2130 | E5: 2080 | F5: 26,91M | G5: 0,00% | I5: =IFERROR((B5/B4)-1,"") -> 0 | J5: =IFERROR(LOG(B5)-LOG(B4),"") -> 0
A6: 45852 | B6: 2090 | C6: 2130 | D6: 2130 | E6: 2050 | F6: 38,96M | G6: -0,95% | I6: =IFERROR((B6/B5)-1,"") -> -0.009478673 | J6: =IFERROR(LOG(B6)-LOG(B5),"") -> -0.0041361692
A7: 45853 | B7: 2150 | C7: 2100 | D7: 2150 | E7: 2060 | F7: 46,93M | G7: 2,87% | I7: =IFERROR((B7/B6)-1,"") -> 0.028708134 | J7: =IFERROR(LOG(B7)-LOG(B6),"") -> 0.012292174
A8: 45854 | B8: 2130 | C8: 2180 | D8: 2210 | E8: 2130 | F8: 43,82M | G8: -0,93% | I8: =IFERROR((B8/B7)-1,"") -> -0.0093023256 | J8: =IFERROR(LOG(B8)-LOG(B7),"") -> -0.0040588565
A9: 45855 | B9: 2210 | C9: 2160 | D9: 2220 | E9: 2130 | F9: 51,55M | G9: 3,76% | I9: =IFERROR((B9/B8)-1,"") -> 0.037558685 | J9: =IFERROR(LOG(B9)-LOG(B8),"") -> 0.01601267
A10: 45856 | B10: 2420 | C10: 2220 | D10: 2420 | E10: 2170 | F10: 107,42M | G10: 9,50% | I10: =IFERROR((B10/B9)-1,"") -> 0.095022624 | J10: =IFERROR(LOG(B10)-LOG(B9),"") -> 0.039423092
A11: 45859 | B11: 2450 | C11: 2450 | D11: 2550 | E11: 2400 | F11: 95,89M | G11: 1,24% | I11: =IFERROR((B11/B10)-1,"") -> 0.012396694 | J11: =IFERROR(LOG(B11)-LOG(B10),"") -> 0.0053507184
A12: 45860 | B12: 2340 | C12: 2500 | D12: 2560 | E12: 2310 | F12: 114,10M | G12: -4,49% | I12: =IFERROR((B12/B11)-1,"") -> -0.044897959 | J12: =IFERROR(LOG(B12)-LOG(B11),"") -> -0.019950227
A13: 45861 | B13: 2440 | C13: 2380 | D13: 2470 | E13: 2360 | F13: 62,70M | G13: 4,27% | I13: =IFERROR((B13/B12)-1,"") -> 0.042735043 | J13: =IFERROR(LOG(B13)-LOG(B12),"") -> 0.018173969
A14: 45862 | B14: 2420 | C14: 2440 | D14: 2490 | E14: 2380 | F14: 63,78M | G14: -0,82% | I14: =IFERROR((B14/B13)-1,"") -> -0.0081967213 | J14: =IFERROR(LOG(B14)-LOG(B13),"") -> -0.0035744604
... A19: 45869 | B19: 2360 | C19: 2440 | D19: 2500 | E19: 2360 | F19: 96,08M | G19: -7,45% | I19: =IFERROR((B19/B18)-1,"") -> -0.074509804 | J19: =IFERROR(LOG(B19)-LOG(B18),"") -> -0.033628177
A20: 45870 | B20: 2450 | C20: 2360 | D20: 2450 | E20: 2330 | F20: 47,59M | G20: 3,81% | I20: =IFERROR((B20/B19)-1,"") -> 0.038135593 | J20: =IFERROR(LOG(B20)-LOG(B19),"") -> 0.016254081 | L20: Grafik Nilai Daily Return
A21: 45873 | B21: 2360 | C21: 2480 | D21: 2490 | E21: 2340 | F21: 48,56M | G21: -3,67% | I21: =IFERROR((B21/B20)-1,"") -> -0.036734694 | J21: =IFERROR(LOG(B21)-LOG(B20),"") -> -0.016254081
A22: 45874 | B22: 2330 | C22: 2380 | D22: 2410 | E22: 2320 | F22: 30,96M | G22: -1,27% | I22: =IFERROR((B22/B21)-1,"") -> -0.012711864 | J22: =IFERROR(LOG(B22)-LOG(B21),"") -> -0.0055560819
A23: 45875 | B23: 2400 | C23: 2340 | D23: 2410 | E23: 2340 | F23: 31,34M | G23: 3,00% | I23: =IFERROR((B23/B22)-1,"") -> 0.030042918 | J23: =IFERROR(LOG(B23)-LOG(B22),"") -> 0.012855321
A24: 45876 | B24: 2490 | C24: 2440 | D24: 2540 | E24: 2420 | F24: 61,28M | G24: 3,75% | I24: =IFERROR((B24/B23)-1,"") -> 0.0375 | J24: =IFERROR(LOG(B24)-LOG(B23),"") -> 0.015988105
A25: 45877 | B25: 2470 | C25: 2500 | D25: 2510 | E25: 2420 | F25: 26,58M | G25: -0,80% | I25: =IFERROR((B25/B24)-1,"") -> -0.0080321285 | J25: =IFERROR(LOG(B25)-LOG(B24),"") -> -0.0035023938
A26: 45880 | B26: 2390 | C26: 2460 | D26: 2500 | E26: 2370 | F26: 30,41M | G26: -3,24% | I26: =IFERROR((B26/B25)-1,"") -> -0.032388664 | J26: =IFERROR(LOG(B26)-LOG(B25),"") -> -0.014299052
A27: 45881 | B27: 2280 | C27: 2400 | D27: 2440 | E27: 2250 | F27: 68,54M | G27: -4,60% | I27: =IFERROR((B27/B26)-1,"") -> -0.046025105 | J27: =IFERROR(LOG(B27)-LOG(B26),"") -> -0.020463054
A28: 45882 | B28: 2280 | C28: 2300 | D28: 2340 | E28: 2220 | F28: 74,27M | G28: 0,00% | I28: =IFERROR((B28/B27)-1,"") -> 0 | J28: =IFERROR(LOG(B28)-LOG(B27),"") -> 0
A29: 45883 | B29: 2270 | C29: 2250 | D29: 2300 | E29: 2230 | F29: 44,52M | G29: -0,44% | I29: =IFERROR((B29/B28)-1,"") -> -0.0043859649 | J29: =IFERROR(LOG(B29)-LOG(B28),"") -> -0.0019089898
A30: 45884 | B30: 2220 | C30: 2270 | D30: 2280 | E30: 2220 | F30: 22,86M | G30: -2,20% | I30: =IFERROR((B30/B29)-1,"") -> -0.022026432 | J30: =IFERROR(LOG(B30)-LOG(B29),"") -> -0.0096728827
A31: 45888 | B31: 2310 | C31: 2220 | D31: 2330 | E31: 2220 | F31: 40,22M | G31: 4,05% | I31: =IFERROR((B31/B30)-1,"") -> 0.040540541 | J31: =IFERROR(LOG(B31)-LOG(B30),"") -> 0.017259005
A32: 45889 | B32: 2320 | C32: 2290 | D32: 2350 | E32: 2280 | F32: 32,85M | G32: 0,43% | I32: =IFERROR((B32/B31)-1,"") -> 0.0043290043 | J32: =IFERROR(LOG(B32)-LOG(B31),"") -> 0.001876005
... A66: 45938 | B66: 2280 | C66: 2250 | D66: 2280 | E66: 2160 | F66: 106,17M | G66: 1,79% | I66: =IFERROR((B66/B65)-1,"") -> 0.017857143 | J66: =IFERROR(LOG(B66)-LOG(B65),"") -> 0.0076868287

Sheet MEDC
A1: Tanggal | B1: Terakhir | C1: Pembukaan | D1: Tertinggi | E1: Terendah | F1: Vol. | G1: Perubahan% | I1: Linear | J1: Log | L1: Grafik Pergerakan Saham
A2: 45846 | B2: 1240 | C2: 1235 | D2: 1260 | E2: 1235 | F2: 27,53M | G2: 0,81%
A3: 45847 | B3: 1260 | C3: 1260 | D3: 1265 | E3: 1250 | F3: 36,50M | G3: 1,61% | I3: =IFERROR((B3/B2)-1,"") -> 0.016129032 | J3: =IFERROR(LOG(B3)-LOG(B2),"") -> 0.00694886
A4: 45848 | B4: 1255 | C4: 1260 | D4: 1275 | E4: 1250 | F4: 26,73M | G4: -0,40% | I4: =IFERROR((B4/B3)-1,"") -> -0.003968254 | J4: =IFERROR(LOG(B4)-LOG(B3),"") -> -0.0017268193
A5: 45849 | B5: 1260 | C5: 1260 | D5: 1265 | E5: 1250 | F5: 20,42M | G5: 0,40% | I5: =IFERROR((B5/B4)-1,"") -> 0.0039840637 | J5: =IFERROR(LOG(B5)-LOG(B4),"") -> 0.0017268193
A6: 45852 | B6: 1250 | C6: 1270 | D6: 1270 | E6: 1235 | F6: 38,73M | G6: -0,79% | I6: =IFERROR((B6/B5)-1,"") -> -0.0079365079 | J6: =IFERROR(LOG(B6)-LOG(B5),"") -> -0.0034605321
A7: 45853 | B7: 1255 | C7: 1250 | D7: 1260 | E7: 1235 | F7: 28,63M | G7: 0,40% | I7: =IFERROR((B7/B6)-1,"") -> 0.004 | J7: =IFERROR(LOG(B7)-LOG(B6),"") -> 0.0017337128
A8: 45854 | B8: 1295 | C8: 1265 | D8: 1315 | E8: 1260 | F8: 77,89M | G8: 3,19% | I8: =IFERROR((B8/B7)-1,"") -> 0.03187251 | J8: =IFERROR(LOG(B8)-LOG(B7),"") -> 0.013626043
A9: 45855 | B9: 1325 | C9: 1300 | D9: 1335 | E9: 1280 | F9: 62,66M | G9: 2,32% | I9: =IFERROR((B9/B8)-1,"") -> 0.023166023 | J9: =IFERROR(LOG(B9)-LOG(B8),"") -> 0.0099461099
A10: 45856 | B10: 1300 | C10: 1300 | D10: 1330 | E10: 1300 | F10: 53,83M | G10: -1,89% | I10: =IFERROR((B10/B9)-1,"") -> -0.018867925 | J10: =IFERROR(LOG(B10)-LOG(B9),"") -> -0.008272526
A11: 45859 | B11: 1285 | C11: 1305 | D11: 1310 | E11: 1275 | F11: 41,07M | G11: -1,15% | I11: =IFERROR((B11/B10)-1,"") -> -0.011538462 | J11: =IFERROR(LOG(B11)-LOG(B10),"") -> -0.0050402246
A12: 45860 | B12: 1260 | C12: 1285 | D12: 1290 | E12: 1250 | F12: 38,04M | G12: -1,95% | I12: =IFERROR((B12/B11)-1,"") -> -0.019455253 | J12: =IFERROR(LOG(B12)-LOG(B11),"") -> -0.0085325826
A13: 45861 | B13: 1270 | C13: 1255 | D13: 1270 | E13: 1225 | F13: 55,68M | G13: 0,79% | I13: =IFERROR((B13/B12)-1,"") -> 0.0079365079 | J13: =IFERROR(LOG(B13)-LOG(B12),"") -> 0.0034331758
A14: 45862 | B14: 1285 | C14: 1270 | D14: 1305 | E14: 1260 | F14: 42,39M | G14: 1,18% | I14: =IFERROR((B14/B13)-1,"") -> 0.011811024 | J14: =IFERROR(LOG(B14)-LOG(B13),"") -> 0.0050994067
... A19: 45869 | B19: 1285 | C19: 1340 | D19: 1345 | E19: 1280 | F19: 41,57M | G19: -3,02% | I19: =IFERROR((B19/B18)-1,"") -> -0.030188679 | J19: =IFERROR(LOG(B19)-LOG(B18),"") -> -0.013312751
A20: 45870 | B20: 1225 | C20: 1260 | D20: 1275 | E20: 1220 | F20: 54,32M | G20: -4,67% | I20: =IFERROR((B20/B19)-1,"") -> -0.046692607 | J20: =IFERROR(LOG(B20)-LOG(B19),"") -> -0.020767039 | L20: Grafik Nilai Daily Return
A21: 45873 | B21: 1205 | C21: 1225 | D21: 1225 | E21: 1170 | F21: 41,00M | G21: -1,63% | I21: =IFERROR((B21/B20)-1,"") -> -0.016326531 | J21: =IFERROR(LOG(B21)-LOG(B20),"") -> -0.0071490418
A22: 45874 | B22: 1175 | C22: 1205 | D22: 1205 | E22: 1165 | F22: 33,71M | G22: -2,49% | I22: =IFERROR((B22/B21)-1,"") -> -0.024896266 | J22: =IFERROR(LOG(B22)-LOG(B21),"") -> -0.01094918
A23: 45875 | B23: 1175 | C23: 1180 | D23: 1185 | E23: 1165 | F23: 26,52M | G23: 0,00% | I23: =IFERROR((B23/B22)-1,"") -> 0 | J23: =IFERROR(LOG(B23)-LOG(B22),"") -> 0
A24: 45876 | B24: 1240 | C24: 1170 | D24: 1255 | E24: 1170 | F24: 66,68M | G24: 5,53% | I24: =IFERROR((B24/B23)-1,"") -> 0.055319149 | J24: =IFERROR(LOG(B24)-LOG(B23),"") -> 0.023383819
A25: 45877 | B25: 1205 | C25: 1225 | D25: 1225 | E25: 1195 | F25: 21,86M | G25: -2,82% | I25: =IFERROR((B25/B24)-1,"") -> -0.028225806 | J25: =IFERROR(LOG(B25)-LOG(B24),"") -> -0.012434638
A26: 45880 | B26: 1240 | C26: 1205 | D26: 1250 | E26: 1190 | F26: 33,25M | G26: 2,90% | I26: =IFERROR((B26/B25)-1,"") -> 0.029045643 | J26: =IFERROR(LOG(B26)-LOG(B25),"") -> 0.012434638
A27: 45881 | B27: 1220 | C27: 1240 | D27: 1250 | E27: 1220 | F27: 21,71M | G27: -1,61% | I27: =IFERROR((B27/B26)-1,"") -> -0.016129032 | J27: =IFERROR(LOG(B27)-LOG(B26),"") -> -0.0070618545
A28: 45882 | B28: 1260 | C28: 1220 | D28: 1270 | E28: 1220 | F28: 43,75M | G28: 3,28% | I28: =IFERROR((B28/B27)-1,"") -> 0.032786885 | J28: =IFERROR(LOG(B28)-LOG(B27),"") -> 0.014010714
A29: 45883 | B29: 1225 | C29: 1270 | D29: 1275 | E29: 1225 | F29: 18,32M | G29: -2,78% | I29: =IFERROR((B29/B28)-1,"") -> -0.027777778 | J29: =IFERROR(LOG(B29)-LOG(B28),"") -> -0.012234456
A30: 45884 | B30: 1225 | C30: 1225 | D30: 1245 | E30: 1210 | F30: 15,75M | G30: 0,00% | I30: =IFERROR((B30/B29)-1,"") -> 0 | J30: =IFERROR(LOG(B30)-LOG(B29),"") -> 0
A31: 45888 | B31: 1225 | C31: 1225 | D31: 1235 | E31: 1205 | F31: 17,37M | G31: 0,00% | I31: =IFERROR((B31/B30)-1,"") -> 0 | J31: =IFERROR(LOG(B31)-LOG(B30),"") -> 0
A32: 45889 | B32: 1185 | C32: 1205 | D32: 1220 | E32: 1185 | F32: 35,25M | G32: -3,27% | I32: =IFERROR((B32/B31)-1,"") -> -0.032653061 | J32: =IFERROR(LOG(B32)-LOG(B31),"") -> -0.014417738
... A66: 45938 | B66: 1580 | C66: 1620 | D66: 1630 | E66: 1565 | F66: 125,50M | G66: -1,25% | I66: =IFERROR((B66/B65)-1,"") -> -0.0125 | J66: =IFERROR(LOG(B66)-LOG(B65),"") -> -0.0054628957

Sheet PSAB
A1: Tanggal | B1: Terakhir | C1: Pembukaan | D1: Tertinggi | E1: Terendah | F1: Vol. | G1: Perubahan% | I1: Linear | J1: Log | L1: Grafik Pergerakan Saham
A2: 45938 | B2: 620 | C2: 595 | D2: 655 | E2: 585 | F2: 561,10M | G2: 5,98% | I2: 0 | J2: 0
A3: 45937 | B3: 585 | C3: 625 | D3: 645 | E3: 580 | F3: 366,71M | G3: -3,31% | I3: =IFERROR((B3/B2)-1,"") -> -0.056451613 | J3: =IFERROR(LOG(B3)-LOG(B2),"") -> -0.025235823
A4: 45936 | B4: 605 | C4: 565 | D4: 605 | E4: 560 | F4: 261,10M | G4: 9,01% | I4: =IFERROR((B4/B3)-1,"") -> 0.034188034 | J4: =IFERROR(LOG(B4)-LOG(B3),"") -> 0.014599509
A5: 45933 | B5: 555 | C5: 575 | D5: 575 | E5: 550 | F5: 66,34M | G5: -2,63% | I5: =IFERROR((B5/B4)-1,"") -> -0.082644628 | J5: =IFERROR(LOG(B5)-LOG(B4),"") -> -0.037462392
A6: 45932 | B6: 570 | C6: 575 | D6: 580 | E6: 560 | F6: 73,12M | G6: -0,87% | I6: =IFERROR((B6/B5)-1,"") -> 0.027027027 | J6: =IFERROR(LOG(B6)-LOG(B5),"") -> 0.011581873
A7: 45931 | B7: 575 | C7: 555 | D7: 580 | E7: 555 | F7: 112,55M | G7: 3,60% | I7: =IFERROR((B7/B6)-1,"") -> 0.0087719298 | J7: =IFERROR(LOG(B7)-LOG(B6),"") -> 0.003792989
A8: 45930 | B8: 555 | C8: 585 | D8: 605 | E8: 550 | F8: 205,35M | G8: -3,48% | I8: =IFERROR((B8/B7)-1,"") -> -0.034782609 | J8: =IFERROR(LOG(B8)-LOG(B7),"") -> -0.015374862
A9: 45929 | B9: 575 | C9: 550 | D9: 585 | E9: 545 | F9: 212,32M | G9: 5,50% | I9: =IFERROR((B9/B8)-1,"") -> 0.036036036 | J9: =IFERROR(LOG(B9)-LOG(B8),"") -> 0.015374862
A10: 45926 | B10: 545 | C10: 520 | D10: 550 | E10: 520 | F10: 67,15M | G10: 4,81% | I10: =IFERROR((B10/B9)-1,"") -> -0.052173913 | J10: =IFERROR(LOG(B10)-LOG(B9),"") -> -0.023271342
A11: 45925 | B11: 520 | C11: 535 | D11: 540 | E11: 520 | F11: 68,20M | G11: -2,80% | I11: =IFERROR((B11/B10)-1,"") -> -0.04587156 | J11: =IFERROR(LOG(B11)-LOG(B10),"") -> -0.020393159
A12: 45924 | B12: 535 | C12: 575 | D12: 575 | E12: 535 | F12: 103,97M | G12: -6,14% | I12: =IFERROR((B12/B11)-1,"") -> 0.028846154 | J12: =IFERROR(LOG(B12)-LOG(B11),"") -> 0.012350438
A13: 45923 | B13: 570 | C13: 565 | D13: 580 | E13: 555 | F13: 208,07M | G13: 3,64% | I13: =IFERROR((B13/B12)-1,"") -> 0.065420561 | J13: =IFERROR(LOG(B13)-LOG(B12),"") -> 0.027521074
A14: 45922 | B14: 550 | C14: 535 | D14: 555 | E14: 535 | F14: 98,53M | G14: 4,76% | I14: =IFERROR((B14/B13)-1,"") -> -0.035087719 | J14: =IFERROR(LOG(B14)-LOG(B13),"") -> -0.015512166
... A20: 45912 | B20: 575 | C20: 535 | D20: 585 | E20: 525 | F20: 266,59M | G20: 10,58% | I20: =IFERROR((B20/B19)-1,"") -> 0.0087719298 | J20: =IFERROR(LOG(B20)-LOG(B19),"") -> 0.003792989
A21: 45911 | B21: 520 | C21: 535 | D21: 545 | E21: 510 | F21: 135,20M | G21: -2,80% | I21: =IFERROR((B21/B20)-1,"") -> -0.095652174 | J21: =IFERROR(LOG(B21)-LOG(B20),"") -> -0.043664501 | L21: Grafik Nilai Daily Return
A22: 45910 | B22: 535 | C22: 570 | D22: 570 | E22: 520 | F22: 225,30M | G22: -6,14% | I22: =IFERROR((B22/B21)-1,"") -> 0.028846154 | J22: =IFERROR(LOG(B22)-LOG(B21),"") -> 0.012350438
A23: 45909 | B23: 570 | C23: 600 | D23: 625 | E23: 565 | F23: 406,42M | G23: -2,56% | I23: =IFERROR((B23/B22)-1,"") -> 0.065420561 | J23: =IFERROR(LOG(B23)-LOG(B22),"") -> 0.027521074
A24: 45908 | B24: 585 | C24: 585 | D24: 665 | E24: 580 | F24: 745,08M | G24: 3,54% | I24: =IFERROR((B24/B23)-1,"") -> 0.026315789 | J24: =IFERROR(LOG(B24)-LOG(B23),"") -> 0.01128101
A25: 45904 | B25: 565 | C25: 625 | D25: 640 | E25: 565 | F25: 304,81M | G25: -7,38% | I25: =IFERROR((B25/B24)-1,"") -> -0.034188034 | J25: =IFERROR(LOG(B25)-LOG(B24),"") -> -0.015107418
A26: 45903 | B26: 610 | C26: 620 | D26: 630 | E26: 565 | F26: 329,14M | G26: 1,67% | I26: =IFERROR((B26/B25)-1,"") -> 0.079646018 | J26: =IFERROR(LOG(B26)-LOG(B25),"") -> 0.033281387
A27: 45902 | B27: 600 | C27: 615 | D27: 640 | E27: 595 | F27: 371,99M | G27: 0,84% | I27: =IFERROR((B27/B26)-1,"") -> -0.016393443 | J27: =IFERROR(LOG(B27)-LOG(B26),"") -> -0.0071785846
A28: 45901 | B28: 595 | C28: 600 | D28: 665 | E28: 575 | F28: 728,06M | G28: -4,03% | I28: =IFERROR((B28/B27)-1,"") -> -0.0083333333 | J28: =IFERROR(LOG(B28)-LOG(B27),"") -> -0.0036342847
A29: 45898 | B29: 620 | C29: 525 | D29: 665 | E29: 510 | F29: 1,49B | G29: 12,73% | I29: =IFERROR((B29/B28)-1,"") -> 0.042016807 | J29: =IFERROR(LOG(B29)-LOG(B28),"") -> 0.017874724
A30: 45897 | B30: 550 | C30: 440 | D30: 550 | E30: 440 | F30: 795,16M | G30: 25,00% | I30: =IFERROR((B30/B29)-1,"") -> -0.11290323 | J30: =IFERROR(LOG(B30)-LOG(B29),"") -> -0.052029
A31: 45896 | B31: 440 | C31: 450 | D31: 458 | E31: 434 | F31: 123,34M | G31: -0,45% | I31: =IFERROR((B31/B30)-1,"") -> -0.2 | J31: =IFERROR(LOG(B31)-LOG(B30),"") -> -0.096910013
A32: 45895 | B32: 442 | C32: 462 | D32: 480 | E32: 440 | F32: 334,44M | G32: -3,07% | I32: =IFERROR((B32/B31)-1,"") -> 0.0045454545 | J32: =IFERROR(LOG(B32)-LOG(B31),"") -> 0.0019695929
A33: 45894 | B33: 456 | C33: 426 | D33: 458 | E33: 426 | F33: 243,55M | G33: 8,06% | I33: =IFERROR((B33/B32)-1,"") -> 0.031674208 | J33: =IFERROR(LOG(B33)-LOG(B32),"") -> 0.013542573
... A66: 45846 | B66: 436 | C66: 436 | D66: 450 | E66: 434 | F66: 88,04M | G66: 0,00% | I66: =IFERROR((B66/B65)-1,"") -> 0.0046082949 | J66: =IFERROR(LOG(B66)-LOG(B65),"") -> 0.0019967598

Sheet ANALISIS
A1: RETURN
A2: Tanggal | B2: ANTM | C2: UNTR | D2: MDKA | E2: MEDC | F2: PSAB | H2: MATRIKS VARIANS - KOVARIAN | O2: ASET INDIVIDU
A3: 45847 | B3: -0.0014847689 | C3: 0.0074751326 | D3: 0.0062191203 | E3: 0.00694886 | F3: -0.0019967598 | I3: ANTM | J3: UNTR | K3: MDKA | L3: MEDC | M3: PSAB | O3: NAMA | P3: μ | Q3: σ | R3: μ/σ
A4: 45848 | B4: 0.010288337 | C4: 0.0044240907 | D4: 0 | E4: -0.0017268193 | F4: 0.0019967598 | H4: ANTM | I4: =VARP(ANALISIS!$B$3:$B$66) -> 0.00019529926 | J4: 3.9341019e-05 | K4: 0.0001086945 | L4: 1.8531699e-05 | M4: 0.00013063219 | O4: ANTM | P4: =AVERAGE(B3:B66) -> 0.00086838458 | Q4: =_xlfn.STDEV.S(B3:B66) -> 0.014085427 | R4: =P4/Q4 -> 0.061651279
A5: 45849 | B5: 0 | C5: 0.0038950439 | D5: 0 | E5: 0.0017268193 | F5: 0.0039661872 | H5: UNTR | I5: 3.9341019e-05 | J5: =VARP(ANALISIS!$C$3:$C$66) -> 6.30611e-05 | K5: 1.6076364e-05 | L5: 1.3853546e-05 | M5: -1.29711e-05 | O5: UNTR | P5: =AVERAGE(C3:C66) -> 0.0010393083 | Q5: =_xlfn.STDEV.S(C3:C66) -> 0.0080038784 | R5: =P5/Q5 -> 0.12985058
A6: 45852 | B6: 0.0057714402 | C6: 0.0033797407 | D6: -0.0041361692 | E6: -0.0034605321 | F6: 0.0039302936 | H6: MDKA | I6: 0.0001086945 | J6: 1.6076364e-05 | K6: =VARP(ANALISIS!$D$3:$D$66) -> 0.0002573612 | L6: 3.4293299e-05 | M6: 0.00011058625 | O6: MDKA | P6: =AVERAGE(D3:D66) -> 0.00062299238 | Q6: =_xlfn.STDEV.S(D3:D66) -> 0.016169301 | R6: =P6/Q6 -> 0.038529332
A7: 45853 | B7: -0.0043213738 | C7: 0.00048068016 | D7: 0.012292174 | E7: 0.0017337128 | F7: -0.0059088596 | H7: MEDC | I7: 1.8531699e-05 | J7: 1.3853546e-05 | K7: 3.4293299e-05 | L7: =VARP(ANALISIS!$E$3:$E$66) -> 0.00011542949 | M7: -5.8484568e-07 | O7: MEDC | P7: =AVERAGE(E3:E66) -> 0.0016443032 | Q7: =_xlfn.STDEV.S(E3:E66) -> 0.010828744 | R7: =P7/Q7 -> 0.15184615
A8: 45854 | B8: -0.0014500664 | C8: -0.00048068016 | D8: -0.0040588565 | E8: 0.013626043 | F8: 0.0059088596 | H8: PSAB | I8: 0.00013063219 | J8: -1.29711e-05 | K8: 0.00011058625 | L8: -5.8484568e-07 | M8: =VARP(ANALISIS!$F$3:$F$66) -> 0.00045133242 | O8: PSAB | P8: =AVERAGE(F3:F66) -> 0.0023891438 | Q8: =_xlfn.STDEV.S(F3:F66) -> 0.02141253 | R8: =P8/Q8 -> 0.1115769
A9: 45855 | B9: 0.0028953073 | C9: 0.00048068016 | D9: 0.01601267 | E9: 0.0099461099 | F9: 0.017259005
A10: 45856 | B10: -0.0058100463 | C10: -0.0024087387 | D10: 0.039423092 | E10: -0.008272526 | F10: -0.0056771329
A11: 45859 | B11: 0.031034234 | C11: 0.0090829895 | D11: 0.0053507184 | E11: -0.0050402246 | F11: 0.014977156
A12: 45860 | B12: -0.032498972 | C12: 0.0018882399 | D12: -0.019950227 | E12: -0.0085325825 | F12: -0.032467888
A13: 45861 | B13: 0.011581873 | C13: 0.017540312 | D13: 0.018173969 | E13: 0.0034331758 | F13: 0.0039481588
A14: 45862 | B14: -0.0014309551 | C14: 0.004052544 | D14: -0.0035744604 | E14: 0.0050994067 | F14: -0.0079325398
A15: 45863 | B15: -0.0086861792 | C15: -0.0067754023 | D15: -0.00906702 | E15: -0.011993115 | F15: -0.024705873
A16: 45866 | B16: 0 | C16: 0.0058780994 | D16: 0.038551418 | E16: 0.0068937079 | F16: 0
A17: 45867 | B17: 0.0043648054 | C17: -0.00044934767 | D17: 0.0083041628 | E17: 0.01677021 | F17: 0.010465434
A18: 45868 | B18: -0.0014500664 | C18: 0.0040274893 | D18: -0.015063746 | E18: 0.0016419471 | F18: -0.010465434
A19: 45869 | B19: -0.020826328 | C19: -0.0040274893 | D19: -0.033628177 | E19: -0.013312751 | F19: -0.0021236936
A20: 45870 | B20: 0.0045476278 | C20: -0.0022537387 | D20: 0.016254081 | E20: -0.020767039 | F20: -0.0086001718
... A66: 45938 | B66: 0.025514585 | C66: -0.0072704861 | D66: 0.0076868287 | E66: -0.0054628957 | F66: 0.025235823

Sheet GRAFIK
A1: Tanggal | B1: ANTM | C1: UNTR | D1: MDKA | E1: MEDC | F1: PSAB
A2: 45846 | F2: 0
A3: 45847 | B3: -0.0014847689 | C3: 0.0074751326 | D3: 0.0062191203 | E3: 0.00694886 | F3: -0.025235823
A4: 45848 | B4: 0.010288337 | C4: 0.0044240907 | D4: 0 | E4: -0.0017268193 | F4: 0.014599509
A5: 45849 | B5: 0 | C5: 0.0038950439 | D5: 0 | E5: 0.0017268193 | F5: -0.037462392
A6: 45852 | B6: 0.0057714402 | C6: 0.0033797407 | D6: -0.0041361692 | E6: -0.0034605321 | F6: 0.011581873
A7: 45853 | B7: -0.0043213738 | C7: 0.00048068016 | D7: 0.012292174 | E7: 0.0017337128 | F7: 0.003792989
A8: 45854 | B8: -0.0014500664 | C8: -0.00048068016 | D8: -0.0040588565 | E8: 0.013626043 | F8: -0.015374862
A9: 45855 | B9: 0.0028953073 | C9: 0.00048068016 | D9: 0.01601267 | E9: 0.0099461099 | F9: 0.015374862
A10: 45856 | B10: -0.0058100463 | C10: -0.0024087387 | D10: 0.039423092 | E10: -0.008272526 | F10: -0.023271342
A11: 45859 | B11: 0.031034234 | C11: 0.0090829895 | D11: 0.0053507184 | E11: -0.0050402246 | F11: -0.020393159
A12: 45860 | B12: -0.032498972 | C12: 0.0018882399 | D12: -0.019950227 | E12: -0.0085325825 | F12: 0.012350438
A13: 45861 | B13: 0.011581873 | C13: 0.017540312 | D13: 0.018173969 | E13: 0.0034331758 | F13: 0.027521074
A14: 45862 | B14: -0.0014309551 | C14: 0.004052544 | D14: -0.0035744604 | E14: 0.0050994067 | F14: -0.015512166
... A66: 45938 | B66: 0.025514585 | C66: -0.0072704861 | D66: 0.0076868287 | E66: -0.0054628957 | F66: 0.0019967598
